Window Size,Hidden Layers,Initial Size,MSE,Tunable Parameters
8,1,256,140.84173258218092,35329
10,1,256,156.01231465609447,35841
20,1,256,161.51633383433122,38401
30,1,256,169.79225868423958,40961
40,1,256,237.71091011641306,43521
50,1,256,267.85701130516696,46081
100,1,256,531.867417950246,58881
